Neighborhood,WHITE,HISP,BLACK,ASIAN,OTHER
Albany Park,15608,24927,2401,7536,1520
Archer Heights,2213,10181,115,581,52
Armour Square,1728,538,1218,9832,138
Ashburn,4745,16924,20837,315,971
Auburn Gresham,324,862,44435,143,514
Austin,4403,12398,76989,483,987
Avalon Park,61,66,9705,38,115
Avondale,12843,21491,784,1537,713
Belmont Cragin,10745,64782,2103,1562,719
Beverly,12012,1095,7031,163,521
Bridgeport,11315,8061,848,13135,279
Brighton Park,3160,37301,433,3623,296
Burnside,10,33,2197,0,14
Calumet Heights,219,457,12426,13,73
Chatham,509,385,29829,111,286
Chicago Lawn,1878,26322,23801,227,870
Clearing,11176,13698,400,184,433
Douglas,2297,661,14718,2655,450
Dunning,28165,12245,807,2202,270
East Garfield Park,1120,719,17729,145,284
East Side,3841,19092,695,65,44
Edgewater,30785,9326,7446,6579,1829
Edison Park,9599,1201,194,309,301
Englewood,181,843,23711,68,272
Forest Glen,13444,2613,188,2395,378
Fuller Park,75,173,2175,12,4
Gage Park,1532,37659,1448,193,41
Garfield Ridge,16263,17848,1602,360,323
Grand Boulevard,603,387,20546,88,689
Greater Grand Crossing,393,450,30556,4,363
Hegewisch,3654,5405,341,0,18
Hermosa,2205,20469,753,440,277
Humboldt Park,3480,31676,19849,385,1037
Hyde Park,12453,2246,7366,3559,1203
Irving Park,22786,23704,1479,4786,1851
Jefferson Park,17522,5948,236,2476,626
Kenwood,2913,397,11724,1582,573
Lake View,79382,8323,3475,6441,2849
Lincoln Park,53512,4446,3206,4653,1893
Lincoln Square,26782,6978,1594,4650,1711
Logan Square,33559,31793,3657,2347,1690
Lower West Side,5268,25116,1288,803,413
McKinley Park,2667,9550,164,3106,280
Montclare,4535,8088,518,448,240
Morgan Park,6209,843,14712,30,599
Mount Greenwood,16330,1652,629,433,233
Near North Side,63507,5305,8049,9982,2050
Near South Side,11063,1247,5537,5098,675
Near West Side,26122,6245,18151,10780,1574
New City,4858,24525,8838,1031,309
North Center,27568,4192,668,1791,1570
North Lawndale,966,3140,31270,77,494
North Park,9789,3154,541,4703,655
Norwood Park,30218,4377,165,1231,1098
Oakland,172,324,5959,140,50
O'Hare,9886,800,151,981,559
Portage Park,32324,26215,901,3260,1607
Pullman,680,307,5495,10,121
Riverdale,151,306,6882,23,32
Rogers Park,23754,12072,14521,2792,1923
Roseland,456,548,40849,126,454
South Chicago,791,5885,21317,15,255
South Deering,600,4591,9360,1,62
South Lawndale,2856,62512,9101,142,240
South Shore,1459,660,47315,270,714
The Loop,22244,2471,3945,6226,994
Uptown,31602,8324,10487,5812,1748
Washington Heights,183,215,26293,8,754
Washington Park,85,278,10760,14,365
West Elsdon,2727,15840,266,380,24
West Englewood,289,1918,27304,4,414
West Garfield Park,384,356,16206,44,172
West Lawn,5033,26666,1152,185,72
West Pullman,158,1682,25634,65,203
West Ridge,32173,14256,9201,17200,3385
West Town,51498,21219,5630,3725,2430
Woodlawn,2051,695,19279,711,532
